Image_Name;Class_0_prob;Class_1_prob;Class_2_prob;Class_3_prob;True_Label;Predicted_Label
RIMG2043_orxbskay.jrz.jpg;5.51E-09;7.17E-16;1.15E-18;1;3;3
RIMG5506_er2gmfg3.g4j.jpg;0.99984217;5.27E-07;3.46E-06;0.000153803;0;0
OR-18277-08142016-FLD-DC-VIC-004-WW24-1_5s55xker.ndj.jpg;1;1.86E-16;3.88E-16;5.17E-13;0;0
RIMG2368_4mtctxl2.bno.jpg;1;3.35E-11;7.90E-10;2.04E-09;0;0
017_mrd0wygx.0ml.jpg;0.000853875;7.37E-05;0.99907243;5.08E-11;2;2
004_0v2hgqo4.afg.jpg;0.001427544;0.99856997;3.09E-09;2.52E-06;1;1
RIMG1588_k3s2m0ln.wag.jpg;3.40E-05;7.78E-06;0.9999583;3.23E-08;1;2
RIMG2167_5dcijahr.wor.jpg;0.25291312;9.58E-08;1.25E-07;0.74708664;3;3
CA-560759L-6232016-FLD-DC-VIC-005-G32-001_2br3jily.p13.jpg;0.9896004;0.000334569;0.000182778;0.009882301;0;0
OR-18049-08172016-FLD-DC-VIC-005-D1DE1-1_m1zvdhxq.sc3.jpg;0.99986315;0.000136811;1.42E-12;1.42E-10;0;0
RIMG2021_kkbwywtv.3tg.jpg;0.000363949;0.000455887;0.9978635;0.001316627;2;2
RIMG4053_ekols5nb.zi4.jpg;0.9998908;8.97E-11;3.83E-16;0.000109163;0;0
RIMG0806_sgrl1jdl.zu1.jpg;3.34E-10;4.40E-18;3.71E-19;1;3;3
IMG_2141_gbx4atwt.rew.jpg;4.08E-16;2.24E-12;1;5.18E-21;2;2
OR-07562A-08222016-FLD-DC-VIC-003-AA1-1_cmi1dpk4.5j4.jpg;1;4.99E-17;1.07E-17;8.46E-15;0;0
RIMG2145_3hxv3egu.l0m.jpg;0.030143308;3.29E-06;6.75E-09;0.96985346;3;3
RIMG1453_3ahf4uf3.k5r.jpg;0.00010713;6.79E-08;8.28E-11;0.9998927;3;3
NV-I2699S-05092016-FLD-DC-VIC-001-BG5-1_5ma3bxg1.i1g.jpg;0.46281686;0.009990299;0.5181158;0.009076971;2;2
RIMG1327_jba1wprr.01a.jpg;1.38E-27;1.08E-32;1;6.17E-42;2;2
CA-560759L_17.JPG;0.9999107;3.41E-05;1.87E-06;5.33E-05;0;0
022_wjgmhpi5.bds.jpg;0.99997365;5.66E-06;1.19E-05;8.82E-06;2;0
RIMG1604_krgjki0i.4cs.jpg;0.028610682;0.97138906;3.25E-12;1.84E-07;2;1
001_1tionnxn.hgr.jpg;0.9975719;0.001673247;1.34E-05;0.000741513;0;0
RIMG0049_5krmpw5e.vqj.jpg;1;1.19E-16;9.00E-19;6.93E-16;0;0
019_fgfzuy2i.xbd.jpg;4.10E-27;1;9.67E-38;1.30E-32;1;1
RIMG2929_0tu51zgx.ep3.jpg;0;0;1;0;2;2
002_paed3ogk.1ws.jpg;0.9999937;6.14E-06;6.09E-08;4.11E-08;1;0
011_wdrzdmrp.to1.jpg;5.61E-17;1;1.37E-24;4.70E-14;1;1
NV-B1805_9.JPG;0.99526715;0.002172965;6.06E-06;0.002553894;0;0
189_t4kohi2h.a4g.jpg;1;1.36E-16;8.83E-26;1.19E-19;0;0
RIMG0753_lvdmu3f1.ukg.jpg;0.15363541;0.002012898;0.000434829;0.8439169;3;3
RIMG0790_nm4uhsqm.scr.jpg;0.025148116;0.000294732;0.00013067;0.9744265;3;3
OR-07562A_12.JPG;0;0;1;0;2;2
WA-09222016-13198A-FLD-DC-VIC-005-UD5-1_ufryoxw2.six.jpg;1.36E-13;1;1.46E-18;7.46E-17;0;1
IMG_0092_2r2mqyy0.i5e.jpg;2.76E-10;3.78E-16;4.40E-19;1;3;3
RIMG3989_x513wael.bet.jpg;1;0;0;0;0;0
CA-560759L-6232016-FLD-DC-VIC-005-D50-001_la1d5gue.3uh.jpg;1;6.75E-38;1.23E-37;1.18E-30;0;0
002_2bvturws.zss.jpg;0.0894282;0.90735817;0.003205975;7.68E-06;1;1
RIMG0932_xjxhxuga.z40.jpg;1.34E-08;2.31E-15;5.10E-16;1;3;3
010_rykbb0z2.0y5.jpg;1;1.78E-09;5.30E-12;8.98E-10;0;0
IMG_1995_nxrdxj3r.ano.jpg;1.17E-06;3.35E-07;0.99999845;9.56E-10;2;2
RIMG5039_41ivh5ye.wdq.jpg;3.30E-20;8.77E-20;1;7.70E-31;2;2
O-11611_11.JPG;1;7.20E-14;1.56E-16;1.65E-12;0;0
CA-560760L_2.JPG;0.99999404;8.18E-08;3.28E-08;5.91E-06;0;0
CA-560759L-6232016-FLD-DC-VIC-005-G55-002_1xnqqeul.lmn.jpg;0.9944022;0.00104701;0.004511679;3.91E-05;0;0
RIMG2156_qhpe5zss.plu.jpg;0.9919694;0.005878087;0.001399666;0.000752874;3;0
CA-560759L_7.JPG;1;1.79E-11;6.11E-11;6.99E-09;0;0
070_jy1p3oga.mar.jpg;0.9989047;0.000156807;1.40E-09;0.000938426;1;0
RIMG0890_2o5odnbh.5lb.jpg;0.000503211;4.99E-11;5.18E-11;0.9994968;3;3
RIMG2276_5ibg1tng.3sr.jpg;1;2.38E-10;2.98E-20;1.53E-14;0;0
RIMG2024_swm55dyt.4nq.jpg;4.92E-11;4.25E-17;1.65E-18;1;3;3
OR-18049-08172016-FLD-DC-VIC-005-UD1-1_rzlc1wsy.50i.jpg;2.60E-09;1;3.99E-15;9.34E-12;1;1
008_ak4w4qjy.ueq.jpg;5.25E-19;2.54E-24;1;2.04E-28;2;2
NV-B1805-05032016-FLD-DC-VIC-005-A11-1_a1iyczke.byb.jpg;1;8.32E-25;5.73E-27;7.43E-21;0;0
RIMG2041_wnwn2crw.kps.jpg;1.30E-10;6.00E-13;1.40E-10;1;3;3
crack87.jpg;1;3.32E-17;6.22E-18;4.74E-12;0;0
RIMG2156_5pyxhytb.goh.jpg;3.71E-08;3.69E-13;1.68E-16;1;3;3
RIMG1507_piw1fyah.b2q.jpg;0;0;1;0;2;2
WA-9810B-09122016-FLD-DC-VIC-005-PC23-1_tokvbcss.d0q.jpg;1;1.94E-29;6.93E-26;7.29E-23;0;0
RIMG4053_a0ebclkv.pxx.jpg;1;0;0;0;0;0
191_qbtb114e.bsj.jpg;0.99982625;0.000173717;2.69E-10;3.56E-08;0;0
RIMG2440_343a2xjm.m1r.jpg;0;0;1;0;2;2
WA-9217C-091516-FLD-DC-VIC-005-1B-1_xasl15hw.4ij.jpg;5.05E-16;1;5.10E-28;3.46E-21;0;1
CA-560759L-6232016-FLD-DC-VIC-005-D50-001_cntsfuoo.tab.jpg;0.9998559;4.63E-08;2.97E-07;0.000143869;0;0
CA-560759L-6232016-FLD-DC-VIC-005-G44-001_do3g3h0u.lwg.jpg;1;4.05E-10;3.10E-14;4.33E-11;0;0
RIMG2032_vkaxcowk.dum.jpg;0.49971446;0.000236192;0.000101796;0.49994755;3;3
CA-560759R_14.JPG;1;4.04E-19;3.56E-20;2.22E-15;0;0
CA-560759L-6232016-FLD-DC-VIC-005-G51-001_2zayfkdr.bdv.jpg;1;2.38E-10;2.38E-12;1.15E-09;0;0
WA-9810B-09122016-FLD-DC-VIC-006-PC26-1_wk3vqnaa.efu.jpg;0.10410925;0.89586467;3.02E-08;2.60E-05;1;1
IMG_2669_3b1isy2j.okm.jpg;1;5.41E-16;2.31E-17;2.87E-12;0;0
025_q133rwz1.ix5.jpg;1;7.07E-16;1.75E-23;8.65E-18;0;0
OR-07562A_29.JPG;1.38E-09;1;9.77E-17;1.22E-10;1;1
RIMG2054_5be1sbgi.j2q.jpg;0.8327787;4.20E-05;8.65E-07;0.16717836;3;0
RIMG0766_0ean0dbh.tgh.jpg;2.73E-05;9.02E-07;1.25E-09;0.99997175;3;3
RIMG2130_micb43lz.uhl.jpg;2.97E-07;0.10918895;0.89081;7.03E-07;2;2
RIMG0752_abdp254a.afa.jpg;4.10E-11;3.83E-18;3.50E-22;1;3;3
113_mwjclv4i.mvi.jpg;1;7.42E-22;1.71E-22;7.37E-18;0;0
OR-07562A_34.JPG;0.000710619;0.99908555;1.27E-06;0.0002026;1;1
RIMG2128_icznxqrq.vyj.jpg;9.92E-08;2.82E-11;3.82E-13;0.9999999;3;3
RIMG3873_azxgjom3.h33.jpg;0.58791214;0.024839282;0.3661271;0.021121524;2;0
RIMG1427_caogenmk.gs1.jpg;3.61E-18;1;2.43E-27;1.02E-25;1;1
RIMG0787_jpmo50ew.z1x.jpg;0.9940878;1.34E-06;9.25E-06;0.005901644;3;0
113_zw5f30y3.x0b.jpg;1;4.68E-23;3.42E-23;1.57E-18;0;0
RIMG0787_z2c33efd.d3t.jpg;0.9999976;2.19E-12;1.26E-12;2.37E-06;3;0
CA-560759L_4.JPG;1;1.82E-33;5.72E-33;8.98E-26;0;0
CA-560759L-6232016-FLD-DC-VIC-005-G33-001_j1kalbnp.3w3.jpg;0.998553;0.001229185;4.84E-07;0.000217298;0;0
WA-11631B_4.JPG;0.14851971;0.85109234;2.29E-07;0.000387684;0;1
IMG_2030_hdnczirp.vwd.jpg;0.22127502;0.51692367;0.23994671;0.021854619;2;1
RIMG1471_ndj5nyee.1x3.jpg;1.84E-39;3.04E-39;1;0;2;2
RIMG1488_bmivvfiv.njv.jpg;0.004234358;0.9403316;0.026477627;0.028956326;3;1
FL-580075-FLD-DC-VI-011-111-DSCF2203_vd3gt5hz.5k4.jpg;0;0;1;0;2;2
004_1xgwoahx.lqq.jpg;0;0;1;0;2;2
CA-560759L-6232016-FLD-DC-VIC-005-G22-002_fhw5e3au.euy.jpg;0.99999976;9.85E-09;6.75E-09;1.73E-07;0;0
009_kzubx14e.h55.jpg;0.0013023;3.47E-07;0.99869734;9.82E-09;2;2
RIMG7091_03lgf3ox.vze.jpg;0.9894454;2.36E-12;0.010554572;3.06E-12;0;0
014_t1o5hljn.gzh.jpg;3.01E-11;2.14E-19;1;2.29E-22;2;2
RIMG1542_atrsslee.q0w.jpg;1.29E-12;1.49E-16;1;1.11E-22;0;2
OR-07562A-08222016-FLD-DC-VIC-004-GE21-1_lc2uazq1.kby.jpg;2.42E-13;4.72E-13;1;8.38E-19;2;2
RIMG2094_0nrdca0c.fxd.jpg;9.41E-40;1.24E-36;1;0;2;2
RIMG3924_j0e5mfam.to4.jpg;9.54E-17;4.26E-24;1;2.11E-30;2;2
RIMG2049_t343pe0j.2tt.jpg;2.76E-06;1.48E-07;2.07E-10;0.99999714;3;3
OR-07562A_30.JPG;0.001667903;0.9979691;4.39E-06;0.000358554;1;1
077_maqtceru.ooy.jpg;0.99988043;1.61E-09;6.20E-12;0.000119593;0;0
NV-B1805-05032016-FLD-DC-VIC-005-B8-1_gv1eefv3.k32.jpg;0.99828786;0.001602893;1.54E-06;0.000107689;0;0
RIMG1684_3sw2godl.rnq.jpg;1.55E-06;1.40E-10;1.64E-10;0.99999845;3;3
RIMG1508_qg5epiyi.rjh.jpg;0.9539456;0.000245468;0.000124625;0.045684397;0;0
RIMG3692_ti3khaae.4as.jpg;0.99999917;6.48E-09;4.29E-10;7.89E-07;0;0
RIMG3398_mpiz3dl3.nim.jpg;0.99999976;3.05E-08;3.09E-08;2.24E-07;0;0
RIMG1694_tbcoyaw3.2vl.jpg;7.06E-08;1.98E-10;2.67E-14;0.9999999;3;3
RIMG0927_btxjf2uh.4q3.jpg;8.50E-17;1.57E-30;3.22E-32;1;3;3
OR-07562A_19.JPG;0.02526381;9.42E-11;0.9747362;3.16E-10;2;2
002_vzt4zfyf.2j3.jpg;0.13146253;1.40E-05;0.86852175;1.71E-06;2;2
WA-14917A-9222016-FLD-DC-VIC-005-GB-1-002_lveexeft.rrf.jpg;1;2.40E-12;2.32E-12;1.34E-11;0;0
RIMG2140_sb50lx02.q0j.jpg;0.000694309;2.80E-06;3.45E-08;0.99930286;3;3
IMG_3394_tyc0qdmb.ngu.jpg;0.99721706;1.14E-05;8.54E-06;0.002762987;0;0
CA-560759L-6232016-FLD-DC-VIC-005-G43-003_kagxxjbp.eul.jpg;0.9975313;0.000114645;8.29E-05;0.002271152;0;0
RIMG0003_wu1ap4rx.dmk.jpg;1;2.15E-33;1.16E-34;6.79E-28;0;0
LA-035104240533051-FLD-DC-VI-011-014-DSCF2755_fqktjadr.mgv.jpg;0.003910807;5.14E-06;0.99607617;7.91E-06;2;2
MS-11000100240460B-FLD-DC-VI-011-136-DSCF2029_dnh5dfuf.crd.jpg;0;0;1;0;2;2
IMG_0086_i3tnsdoc.j2e.jpg;1;1.09E-18;7.29E-20;9.71E-10;2;0
crack4.jpg;1;9.50E-27;7.64E-30;3.65E-23;0;0
OR-18049_6.JPG;2.73E-08;1;9.50E-13;1.93E-09;1;1
111_nu1gbo5e.b5c.jpg;9.82E-11;1;1.20E-15;5.61E-13;1;1
O-11611_12.JPG;0.34209925;0.023561202;0.013384854;0.6209547;0;3
RIMG0049_55zjgkih.1ca.jpg;1;4.06E-10;1.11E-11;2.22E-10;0;0
OR-18277_2.JPG;1;2.05E-28;2.08E-30;6.86E-23;0;0
014_wxu245ku.udp.jpg;1.22E-24;1;1.03E-37;1.52E-32;1;1
RIMG2154_4xs5g2gj.ujs.jpg;6.92E-14;1.52E-22;4.01E-27;1;3;3
OR-07562A_22.JPG;0;0;1;0;2;2
RIMG1592_hxiv1wzo.jmq.jpg;1.98E-14;1.71E-20;1;1.47E-25;3;2
RIMG0894_tk0npysi.udk.jpg;0.001892741;0.9981072;1.07E-09;4.87E-08;1;1
RIMG2036_ddam3coy.fps.jpg;6.05E-15;6.61E-22;1.54E-27;1;3;3
OR-07562A-08222016-FLD-DC-VIC-004-WW22-1_lxfj151j.v01.jpg;0.9998134;5.93E-05;4.71E-05;8.02E-05;0;0
RIMG2403_cdnbhevo.x0y.jpg;1;1.35E-25;3.82E-28;1.43E-21;0;0
RIMG2094_1cfdxqwu.u0k.jpg;0;0;1;0;2;2
CA-560759L-6232016-FLD-DC-VIC-005-G47-002_xbn1ijyx.obj.jpg;1;1.68E-13;3.30E-16;5.59E-13;0;0
WA-9810B-09122016-FLD-DC-VIC-005-AB3-1_2hjne0ej.jmq.jpg;1;5.61E-15;2.29E-14;3.55E-11;0;0
RIMG2368_uz1n5t4j.pjj.jpg;0.9997888;1.65E-05;0.000191841;2.78E-06;0;0
RIMG2365_cn0lwpss.12n.jpg;1;3.16E-14;1.04E-14;2.49E-08;0;0
CA-560759L-6232016-FLD-DC-VIC-005-G56-002_4cyjignl.oy5.jpg;0.99899787;1.35E-06;1.61E-07;0.001000721;0;0
WA-09222016-13198A-FLD-DC-VIC-007-UDEFF-1_bnzdtvm5.4bg.jpg;3.27E-11;1;1.41E-20;5.94E-15;1;1
RIMG2153_skkbzh3y.tvu.jpg;0.0062121;6.50E-05;6.24E-06;0.99371666;3;3
RIMG1716_ctqk25ar.jaa.jpg;0.8383392;1.77E-12;3.69E-13;0.16166076;0;0
RIMG2591_fqcy1mpf.h3x.jpg;1;2.39E-16;1.44E-18;1.84E-13;0;0
DSCF4020_ipljfknq.1iw.jpg;1;7.81E-14;1.67E-15;3.62E-13;0;0
RIMG2034_kiromssz.k2c.jpg;8.45E-06;2.67E-10;2.21E-11;0.99999154;3;3
035_oq1eccs0.3sa.jpg;8.09E-22;1;6.39E-31;2.19E-26;1;1
RIMG2137_trnrw34k.nvi.jpg;1.58E-05;3.99E-08;1.35E-10;0.99998426;3;3
037_kqrti4vv.r31.jpg;1;1.75E-23;1.17E-22;3.88E-15;0;0
CA-560759R_5.JPG;1;1.28E-14;1.44E-15;2.91E-13;0;0
crack62.jpg;2.00E-05;7.28E-10;7.41E-13;0.99998;0;3
RIMG2021_ec1u51e2.1nf.jpg;0.07534929;7.29E-05;6.05E-05;0.92451733;3;3
MS-11002200250005A-FLD-DC-VI-011-126-DSCF2071_ghwetb3t.tjd.jpg;0.9907939;0.00911552;2.53E-07;9.03E-05;2;0
AZ-1842_5.JPG;0.9999999;1.77E-09;6.63E-12;7.24E-08;0;0
RIMG2153_jetntssh.vrk.jpg;0.00525174;0.72498274;7.61E-07;0.2697648;3;1
WP_20140603_067_zaxekvjw.2ra.jpg;1;7.20E-20;5.41E-21;3.85E-18;0;0
RIMG1463_0jvtilgj.5e1.jpg;0.000782507;5.32E-08;1.19E-09;0.9992175;3;3
077_fo421d5s.uqf.jpg;0.9999999;2.10E-13;4.62E-13;8.01E-08;0;0
CA-560759R-6232016-FLD-DC-VIC-005-G25-001_qrbe0dej.kpj.jpg;0.9999987;2.36E-10;1.01E-10;1.28E-06;0;0
NV-B1805-05032016-FLD-DC-VIC-004-B1-1_msh11yue.wff.jpg;0;0;1;0;2;2
RIMG7146_3h3uzl3n.0qk.jpg;0.003263316;0.73405576;0.000245299;0.26243556;1;1
RIMG4951_hlwqtw4d.1q2.jpg;1.29E-16;1;8.43E-21;3.45E-21;1;1
DSCN0356_w5eyv5qo.xvx.jpg;3.25E-07;0.99999964;4.26E-15;4.71E-09;1;1
IMG_0087_gkwwdoud.jug.jpg;3.56E-18;1.33E-27;3.52E-32;1;3;3
RIMG1630_vmf0czq3.aa4.jpg;0.00534652;8.31E-07;1.88E-07;0.9946524;3;3
IMG_2664_czujaojy.no0.jpg;0.03641534;0.049437203;0.9087718;0.005375744;2;2
RIMG1968_uk4modrn.31o.jpg;1;0;7.00E-45;1.49E-39;0;0
RIMG2056_2ntf5d5q.kv2.jpg;3.84E-20;3.91E-21;1;2.92E-27;2;2
IMG_0088_ygsac1ut.gcx.jpg;1;3.19E-40;6.12E-41;1.34E-27;0;0
IMG_0100_z0dvkbvx.xdg.jpg;0.05415278;0.000142917;0.10638592;0.8393184;3;3
IMG_0358_ivv1yid4.wfx.jpg;7.98E-19;1;1.23E-26;8.67E-23;1;1
018_3ovpa3qx.jey.jpg;0;1;0;0;1;1
RIMG5303_l03zibtb.csn.jpg;0.021168044;0.1168876;0.86032027;0.001624151;1;2
RIMG0785_rhlcdtqg.lup.jpg;4.32E-14;8.01E-20;5.18E-25;1;3;3
RIMG2220_wrebwygo.f4f.jpg;0.9977412;0.002252811;4.22E-06;1.73E-06;0;0
RIMG2150_et2i4o1y.3sf.jpg;1.18E-05;2.10E-06;1.40E-07;0.99998593;3;3
RIMG3692_exprw50f.wue.jpg;1;5.81E-18;3.61E-19;1.40E-18;0;0
106_l5onde1m.1qd.jpg;1.43E-14;1;1.87E-20;1.16E-16;1;1
RIMG1547_pm2qlgrz.xs1.jpg;9.82E-10;1.25E-13;3.63E-16;1;2;3
RIMG1490_enoz3jtu.dhu.jpg;1.66E-09;2.10E-08;1;1.80E-10;3;2
013_0n5uqxmh.054.jpg;0.07819931;0.004958598;0.8935062;0.023335818;2;2
WA-14917A-9222016-FLD-DC-VIC-003-D-24-001_n3chfph1.fao.jpg;0;0;1;0;2;2
AR-000000000007083-FLD-DC-VI-011-168-DSCF2554_qf02ruzd.re1.jpg;0;0;1;0;2;2
RIMG0785_b25rjx1i.hok.jpg;0.9879518;1.34E-05;6.61E-06;0.012028213;3;0
RIMG1685_1bv1zvo3.fl4.jpg;1;3.74E-15;8.75E-17;5.17E-14;0;0
OR-07562A_20.JPG;0;0;1;0;2;2
RIMG2983_kztuq2qy.ckg.jpg;1;0;0;0;0;0
RIMG2150_1vfpuo1s.pup.jpg;1.09E-05;6.80E-08;2.28E-10;0.99998903;3;3
IMG_0305_ml441rgm.oqr.jpg;1;7.98E-27;2.30E-28;4.66E-25;0;0
RIMG0950_ddixog5u.la3.jpg;2.27E-10;1.54E-07;0.9999999;4.47E-15;1;2
069_reraebnu.ndb.jpg;1.22E-05;0.99996555;8.59E-09;2.23E-05;1;1
IMG_2004_iqq4aibn.5ek.jpg;0.000316919;0.999342;3.43E-06;0.000337612;1;1
WA-9810B-09122016-FLD-DC-VIC-005-AB3-1_kj5mqjpo.owi.jpg;1;3.18E-27;5.29E-31;2.75E-23;0;0
CA-560759L-6232016-FLD-DC-VIC-005-G11-001_jexzf0n3.sbe.jpg;1;5.88E-11;1.30E-12;4.19E-11;0;0
IMG_0087_zpa3nbi0.ek5.jpg;1.32E-16;3.61E-26;9.63E-31;1;3;3
IMG_0360_xcwwc111.ufn.jpg;9.97E-11;1;2.38E-17;7.71E-11;1;1
RIMG0806_jddxaeyu.xks.jpg;4.31E-09;7.07E-14;1.10E-16;1;3;3
OR-07562A_11.JPG;0;0;1;0;2;2
OR-07562A_24.JPG;0;0;1;0;2;2
OR-07562A_7.JPG;3.21E-38;1.79E-40;1;0;2;2
CA-560759L-6232016-FLD-DC-VIC-005-G40-001_hvejqzks.hkh.jpg;1;1.52E-09;3.79E-10;9.49E-09;0;0
RIMG5038_f01mqsoj.uti.jpg;6.05E-28;3.34E-24;1;2.94E-36;2;2
RIMG0790_qsuallmz.tk2.jpg;0.002664599;1.64E-06;8.99E-08;0.99733365;3;3
RIMG0810_uskeo4jm.xqv.jpg;1.85E-09;3.54E-14;1.38E-15;1;3;3
IMG_0096_nw0esj4i.vjy.jpg;0.000443845;7.16E-10;2.51E-10;0.9995561;3;3
RIMG1630_xk40vfws.4nj.jpg;0.00064531;0.044080738;0.001393962;0.95387995;3;3
AZ-1835-07072015-FLD-DC-VIC-005-255-1_qeu1g3tm.naf.jpg;1;6.34E-13;5.91E-14;7.92E-12;0;0
RIMG2146_owjq1a5m.yro.jpg;6.52E-15;3.51E-20;5.43E-26;1;3;3
IMG_2664_4fhzmkxf.enm.jpg;1;2.90E-11;3.65E-14;9.66E-13;0;0
RIMG5038_s1coadpo.yym.jpg;0;0;1;0;2;2
019_vpkhzzzz.tzi.jpg;0.10463858;0.89534587;4.20E-07;1.51E-05;1;1
IMG_0087_5ztscpw4.mkq.jpg;6.12E-14;1;5.68E-21;7.75E-17;1;1
crack93.jpg;1;4.43E-22;1.86E-20;1.24E-15;0;0
006_xsfkkpsl.xxd.jpg;1.39E-07;0.001678775;3.60E-08;0.9983211;2;3
RIMG2016_n0bzvluo.5es.jpg;2.99E-12;1.42E-15;1.13E-19;1;3;3
RIMG9984_ismso50s.ygh.jpg;1;7.10E-44;1.48E-41;5.57E-34;0;0
OR-07562A-08222016-FLD-DC-VIC-003-AA2-1_w4llwps4.qm1.jpg;4.25E-09;1;1.57E-17;1.12E-08;1;1
CA-560759R-6232016-FLD-DC-VIC-005-G30-001_cnarrbcd.a1a.jpg;0.99705017;9.04E-08;1.45E-08;0.002949674;0;0
IMG_2476_qviccpfp.m4i.jpg;0.99943894;3.53E-12;1.87E-10;0.000561027;0;0
150_f1jr50na.13n.jpg;0.78145385;0.14755444;8.24E-05;0.0709093;1;0
CA-560759R-6232016-FLD-DC-VIC-005-GN37-001_vqhzg4nh.av3.jpg;1;5.36E-16;2.92E-17;4.29E-12;0;0
IMG_2005_kenfzk2m.m2r.jpg;2.48E-16;1.99E-17;1;1.37E-22;2;2
106_upvifaks.rfz.jpg;0.99991345;8.42E-05;5.98E-08;2.23E-06;1;0
CA-560760L_10.JPG;1;4.42E-29;1.67E-28;3.01E-23;0;0
OR-18277-08142016-FLD-DC-VIC-005-WW21-1_druvicim.2n1.jpg;1;1.95E-11;1.09E-11;3.60E-11;0;0
WP_20140820_178_mo5oigx2.w45.jpg;4.00E-45;1;0;0;1;1
RIMG0010_2agcbthb.blk.jpg;0.9999863;8.90E-14;6.55E-11;1.37E-05;0;0
037_2uzoo4pv.j43.jpg;0.001719615;0.9908471;3.32E-05;0.007399981;1;1
WA-11631B-09072016-FLD-DC-VIC-005-GB1-1_szzmfbdo.dhf.jpg;0.9999988;1.22E-06;1.17E-12;4.33E-11;1;0
RIMG2053_0htyfwol.133.jpg;6.16E-13;6.80E-22;1.21E-22;1;3;3
CA-560759R-6232016-FLD-DC-VIC-005-G04-001_isx35svt.b4f.jpg;1;2.47E-36;1.31E-36;7.72E-30;0;0
OR-07562A-08222016-FLD-DC-VIC-005-NG2-1_011qaamq.pgs.jpg;0.000223335;0.9997278;6.29E-08;4.88E-05;1;1
RIMG0049_jzjhvpcd.htx.jpg;1;2.35E-09;9.13E-11;9.24E-09;0;0
IMG_0087_sqvda0se.mbb.jpg;4.52E-17;7.87E-27;1.67E-30;1;3;3
OR-07562A-08222016-FLD-DC-VIC-004-GC21-1_vzdzwkzm.31q.jpg;0;0;1;0;2;2
IMG_0310_1otx32s0.nic.jpg;1;2.43E-30;3.34E-28;1.38E-22;0;0
RIMG1550_slg2ur5y.vi3.jpg;4.62E-06;1.30E-10;2.77E-11;0.99999535;3;3
NV-B636-05022016-FLD-DC-VIC-005-RNB1-1_u05falvv.kf4.jpg;1;3.16E-22;1.29E-22;3.85E-19;0;0
RIMG4045_j50oqijy.k50.jpg;0.997635;3.33E-08;5.34E-07;0.002364466;0;0
CA-560759R-6232016-FLD-DC-VIC-005-G13-001_pjytsz4e.2ci.jpg;1;5.08E-29;5.53E-29;2.67E-22;0;0
002_xkrgmpva.fok.jpg;1.52E-06;0.99999845;4.18E-10;3.31E-09;1;1
RIMG0889_h4ivepuz.3wq.jpg;0.9831876;0.010513195;0.000273961;0.006025261;0;0
RIMG2023_k24ai5rn.1ga.jpg;0.011220894;5.66E-05;1.64E-05;0.9887061;3;3
RIMG2127_4ekntbki.2sq.jpg;2.66E-10;7.59E-12;3.42E-17;1;3;3
AL-014011         -FLD-DC-VI-011-020-DSCF2076_r4tbnyz1.qhl.jpg;5.57E-18;8.85E-22;1;6.72E-28;2;2
RIMG9934_3iy5hpmz.0bt.jpg;0;0;1;0;2;2
RIMG0793_zviss0tg.iec.jpg;0.035966624;2.62E-06;3.38E-06;0.9640273;3;3
RIMG1684_bpca1df5.ukh.jpg;0.001366727;0.99707484;6.09E-06;0.001552332;3;1
RIMG9963_gmzlqxnm.s0c.jpg;1;2.27E-26;1.16E-25;1.87E-20;0;0
003_e0nzpwqn.jgr.jpg;1;6.67E-18;2.07E-17;4.80E-12;0;0
crack85.jpg;1;1.46E-28;4.43E-29;1.80E-20;0;0
RIMG0786_2jumrwjm.lgh.jpg;2.79E-08;5.31E-08;6.21E-10;1;3;3
106_dy2vsrjd.otc.jpg;0.013509364;0.9846651;4.79E-06;0.001820824;1;1
RIMG2391_dp5h0p3q.p3h.jpg;7.45E-24;7.05E-23;1;1.02E-33;2;2
WP_20140327_010_tcgndzip.yis.jpg;4.47E-09;2.98E-12;1;5.76E-16;2;2
RIMG5027_mlh52pke.wxg.jpg;9.10E-11;1.36E-19;1;8.81E-23;2;2
WP_20140327_005_aqsr2bqk.eva.jpg;1;4.01E-16;7.26E-19;1.74E-14;0;0
RIMG2150_g2zpa2t4.f5v.jpg;6.41E-10;3.73E-13;4.65E-16;1;3;3
RIMG2410_fkbudiar.fbm.jpg;1;1.40E-25;1.51E-26;1.81E-18;0;0
RIMG7192_1lskshdy.tzz.jpg;1;1.24E-34;4.46E-37;7.10E-32;0;0
OR-18277_5.JPG;0.99999654;3.07E-06;4.62E-08;3.91E-07;0;0
NV-B1805-05032016-FLD-DC-VIC-005-B6-1_cehyeeet.ozt.jpg;8.44E-15;7.01E-16;1;9.07E-23;2;2
RIMG3638_oscbig55.xps.jpg;0.9767111;0.005745419;7.55E-06;0.017535945;0;0
RIMG1425_qo0lrovr.um4.jpg;0.966866;1.43E-13;0.03313398;3.19E-15;0;0
003_outu4czs.1b5.jpg;0.98988134;3.19E-06;0.010112322;3.19E-06;2;0
RIMG1427_nkf1wgvh.s2x.jpg;1.86E-12;1;7.95E-24;2.24E-20;1;1
WP_20140820_108_xchnnls1.vwi.jpg;1.81E-14;1;1.19E-23;4.15E-18;1;1
DSCF4020_rbbe00s2.vvh.jpg;1;4.81E-25;1.50E-26;4.12E-20;0;0
RIMG2442_gkqi1ytw.vns.jpg;4.00E-45;0;1;0;2;2
009_3z2dmyvf.w2x.jpg;9.77E-15;1.92E-13;1;8.31E-23;2;2
RIMG3007_zft3rnng.z1k.jpg;1;8.19E-13;2.11E-08;2.37E-08;1;0
WP_20140820_059_we52lowi.bkh.jpg;0.9999094;3.95E-07;8.91E-05;1.08E-06;2;0
OR-07562A-08222016-FLD-DC-VIC-005-WW41-1_ixwi12kn.y30.jpg;0.9999987;5.63E-09;1.04E-06;2.28E-07;0;0
RIMG0892_us2pxhio.4mk.jpg;0.9996619;3.58E-06;0.00022209;0.000112425;3;0
RIMG0813_zsymddmz.vke.jpg;1.57E-07;4.50E-14;3.94E-15;0.9999999;3;3
RIMG1825_3r0tdeuf.ayl.jpg;0;0;1;0;2;2
CA-560759R-6232016-FLD-DC-VIC-005-G15-001_kpc0y4z1.yir.jpg;1;4.05E-30;9.91E-31;1.88E-26;0;0
